catalog_type,item_id,asset_variant,image_url
art,001113ced9466672,fake,https://dodo.ac/np/images/1/1b/Wild_Painting_Left_Half_%28Fake%29_NH_Icon.png
art,001113ced9466672,real,https://dodo.ac/np/images/1/1b/Wild_Painting_Left_Half_NH_Icon.png
art,089f9e3046a98236,fake,https://dodo.ac/np/images/4/46/Academic_Painting_%28Fake%29_NH_Icon.png
art,089f9e3046a98236,real,https://dodo.ac/np/images/e/e8/Academic_Painting_NH_Icon.png
art,139045fb4d296d76,fake,https://dodo.ac/np/images/3/3d/Tremendous_Statue_%28Fake%29_NH_Icon.png
art,139045fb4d296d76,real,https://dodo.ac/np/images/6/62/Tremendous_Statue_NH_Icon.png
art,17e95fd2029c1e24,real,https://dodo.ac/np/images/7/77/Twinkling_Painting_NH_Icon.png
art,194f376b427c252e,real,https://dodo.ac/np/images/2/22/Moody_Painting_NH_Icon.png
art,19ec75883a813e6e,fake,https://dodo.ac/np/images/4/48/Basic_Painting_%28Fake%29_NH_Icon.png
art,19ec75883a813e6e,real,https://dodo.ac/np/images/a/ab/Basic_Painting_NH_Icon.png
art,21c5f98e164fa4b3,fake,https://dodo.ac/np/images/0/07/Gallant_Statue_%28Fake%29_NH_Icon.png
art,21c5f98e164fa4b3,real,https://dodo.ac/np/images/b/b0/Gallant_Statue_NH_Icon.png
art,4194532d1822253c,fake,https://dodo.ac/np/images/3/36/Wistful_Painting_%28Fake%29_NH_Icon.png
art,4194532d1822253c,real,https://dodo.ac/np/images/a/ab/Wistful_Painting_NH_Icon.png
art,42eb3545bb50bf84,fake,https://dodo.ac/np/images/2/21/Moving_Painting_%28Fake%29_NH_Icon.png
art,42eb3545bb50bf84,real,https://dodo.ac/np/images/e/e4/Moving_Painting_NH_Icon.png
art,4dac1f58d8d7afe8,real,https://dodo.ac/np/images/3/34/Common_Painting_NH_Icon.png
art,4f7ffa56397f184d,fake,https://dodo.ac/np/images/5/5f/Quaint_Painting_%28Fake%29_NH_Icon.png
art,4f7ffa56397f184d,real,https://dodo.ac/np/images/3/32/Quaint_Painting_NH_Icon.png
art,5ae257c6fc4c388f,fake,https://dodo.ac/np/images/e/e4/Detailed_Painting_%28Fake%29_NH_Icon.png
art,5ae257c6fc4c388f,real,https://dodo.ac/np/images/a/aa/Detailed_Painting_NH_Icon.png
art,6234bafc306d236e,fake,https://dodo.ac/np/images/5/57/Valiant_Statue_%28Fake%29_NH_Icon.png
art,6234bafc306d236e,real,https://dodo.ac/np/images/1/1e/Valiant_Statue_NH_Icon.png
art,6bb0ac41ce9af9bc,fake,https://dodo.ac/np/images/8/8b/Warrior_Statue_%28Fake%29_NH_Icon.png
art,6bb0ac41ce9af9bc,real,https://dodo.ac/np/images/5/5c/Warrior_Statue_NH_Icon.png
art,6cc4674674c46c24,real,https://dodo.ac/np/images/2/29/Glowing_Painting_NH_Icon.png
art,709bf4c2efba04f3,fake,https://dodo.ac/np/images/9/93/Rock-Head_Statue_%28Fake%29_NH_Icon.png
art,709bf4c2efba04f3,real,https://dodo.ac/np/images/1/1f/Rock-Head_Statue_NH_Icon.png
art,7138dace8ac790d9,fake,https://dodo.ac/np/images/6/65/Beautiful_Statue_%28Fake%29_NH_Icon.png
art,7138dace8ac790d9,real,https://dodo.ac/np/images/9/9f/Beautiful_Statue_NH_Icon.png
art,748eaf5152af94b1,fake,https://dodo.ac/np/images/6/64/Mystic_Statue_%28Fake%29_NH_Icon.png
art,748eaf5152af94b1,real,https://dodo.ac/np/images/e/e8/Mystic_Statue_NH_Icon.png
art,77267cbf6d7c0fdc,real,https://dodo.ac/np/images/5/54/Perfect_Painting_NH_Icon.png
art,835506447d504365,real,https://dodo.ac/np/images/f/f0/Proper_Painting_NH_Icon.png
art,851acc8e80b7f726,real,https://dodo.ac/np/images/1/11/Worthy_Painting_NH_Icon.png
art,874a42a6aa0dd7c0,fake,https://dodo.ac/np/images/3/3f/Motherly_Statue_%28Fake%29_NH_Icon.png
art,874a42a6aa0dd7c0,real,https://dodo.ac/np/images/5/5d/Motherly_Statue_NH_Icon.png
art,88bf67e92e5c80af,fake,https://dodo.ac/np/images/a/af/Amazing_Painting_%28Fake%29_NH_Icon.png
art,88bf67e92e5c80af,real,https://dodo.ac/np/images/a/a5/Amazing_Painting_NH_Icon.png
art,8ad669233ccabcf0,real,https://dodo.ac/np/images/c/c2/Calm_Painting_NH_Icon.png
art,90b0e5e1f8006964,real,https://dodo.ac/np/images/3/32/Nice_Painting_NH_Icon.png
art,99c78500f06e3733,fake,https://dodo.ac/np/images/1/1a/Jolly_Painting_%28Fake%29_NH_Icon.png
art,99c78500f06e3733,real,https://dodo.ac/np/images/d/d8/Jolly_Painting_NH_Icon.png
art,afeaf6e857faf883,real,https://dodo.ac/np/images/6/6e/Flowery_Painting_NH_Icon.png
art,b52a86163be43edb,fake,https://dodo.ac/np/images/f/ff/Scary_Painting_%28Fake%29_NH_Icon.png
art,b52a86163be43edb,real,https://dodo.ac/np/images/5/5d/Scary_Painting_NH_Icon.png
art,b52de337eda85b37,real,https://dodo.ac/np/images/5/55/Mysterious_Painting_NH_Icon.png
art,b85a4308bffb9fda,fake,https://dodo.ac/np/images/b/be/Informative_Statue_%28Fake%29_NH_Icon.png
art,b85a4308bffb9fda,real,https://dodo.ac/np/images/1/14/Informative_Statue_NH_Icon.png
art,c5b4e99d57ed33be,fake,https://dodo.ac/np/images/1/16/Famous_Painting_%28Fake%29_NH_Icon.png
art,c5b4e99d57ed33be,real,https://dodo.ac/np/images/1/1c/Famous_Painting_NH_Icon.png
art,cdf5a00ef9417583,fake,https://dodo.ac/np/images/2/26/Serene_Painting_%28Fake%29_NH_Icon.png
art,cdf5a00ef9417583,real,https://dodo.ac/np/images/f/f7/Serene_Painting_NH_Icon.png
art,cf1c10b89f9c72c5,fake,https://dodo.ac/np/images/8/8c/Solemn_Painting_%28Fake%29_NH_Icon.png
art,cf1c10b89f9c72c5,real,https://dodo.ac/np/images/0/0d/Solemn_Painting_NH_Icon.png
art,d13453f70a3d453c,real,https://dodo.ac/np/images/a/a5/Sinking_Painting_NH_Icon.png
art,e1ab5b8c17970d13,real,https://dodo.ac/np/images/d/d3/Dynamic_Painting_NH_Icon.png
art,e29d04f8b82afc92,real,https://dodo.ac/np/images/c/cf/Familiar_Statue_NH_Icon.png
art,e49b4ab106be940c,fake,https://dodo.ac/np/images/5/59/Scenic_Painting_%28Fake%29_NH_Icon.png
art,e49b4ab106be940c,real,https://dodo.ac/np/images/c/c9/Scenic_Painting_NH_Icon.png
art,e61cb6e22c327c0b,fake,https://dodo.ac/np/images/8/83/Graceful_Painting_%28Fake%29_NH_Icon.png
art,e61cb6e22c327c0b,real,https://dodo.ac/np/images/5/59/Graceful_Painting_NH_Icon.png
art,f332ae200515c8c3,fake,https://dodo.ac/np/images/1/12/Ancient_Statue_%28Fake%29_NH_Icon.png
art,f332ae200515c8c3,real,https://dodo.ac/np/images/0/03/Ancient_Statue_NH_Icon.png
art,f491f09c205037f6,fake,https://dodo.ac/np/images/e/ed/Robust_Statue_%28Fake%29_NH_Icon.png
art,f491f09c205037f6,real,https://dodo.ac/np/images/6/6e/Robust_Statue_NH_Icon.png
art,f73139a013102bdf,fake,https://dodo.ac/np/images/3/31/Wild_Painting_Right_Half_%28Fake%29_NH_Icon.png
art,f73139a013102bdf,real,https://dodo.ac/np/images/9/9f/Wild_Painting_Right_Half_NH_Icon.png
art,f7df05299ee45c41,real,https://dodo.ac/np/images/7/71/Great_Statue_NH_Icon.png
art,fb3c821c7be2569f,real,https://dodo.ac/np/images/3/38/Warm_Painting_NH_Icon.png
bugs,02180e9bdde86810,tank,https://dodo.ac/np/images/9/9f/Giraffe_Stag_NH_Furniture_Icon.png
bugs,038cb53057ca6066,tank,https://dodo.ac/np/images/9/96/Evening_Cicada_NH_Furniture_Icon.png
bugs,03db74a23ee69cf4,tank,https://dodo.ac/np/images/c/c4/Horned_Dynastid_NH_Furniture_Icon.png
bugs,07af401e90bfff65,tank,https://dodo.ac/np/images/7/75/Flea_NH_Furniture_Icon.png
bugs,0b9a87bf388eb92d,tank,https://dodo.ac/np/images/c/cc/Firefly_NH_Furniture_Icon.png
bugs,15e0cd279c948b4c,tank,https://dodo.ac/np/images/5/52/Cicada_Shell_NH_Furniture_Icon.png
bugs,196a3a37669958fd,tank,https://dodo.ac/np/images/f/fd/Ladybug_NH_Furniture_Icon.png
bugs,1c0d18cac424a77c,tank,https://dodo.ac/np/images/8/8a/Mantis_NH_Furniture_Icon.png
bugs,1c7a63fc50d8b965,tank,https://dodo.ac/np/images/1/17/Yellow_Butterfly_NH_Furniture_Icon.png
bugs,1f0229ce0418b836,tank,https://dodo.ac/np/images/8/8d/Tiger_Butterfly_NH_Furniture_Icon.png
bugs,26f2989541359b0b,tank,https://dodo.ac/np/images/7/7c/Tiger_Beetle_NH_Furniture_Icon.png
bugs,2ca3ef2bd41a9197,tank,https://dodo.ac/np/images/b/b2/Honeybee_NH_Furniture_Icon.png
bugs,2efdc2314f127e05,tank,https://dodo.ac/np/images/7/7f/Walking_Leaf_NH_Furniture_Icon.png
bugs,2f18dc84543cafd0,tank,https://dodo.ac/np/images/9/94/Saw_Stag_NH_Furniture_Icon.png
bugs,3083daa6f882e652,tank,https://dodo.ac/np/images/8/83/Common_Butterfly_NH_Furniture_Icon.png
bugs,36e6214412e79ff5,tank,https://dodo.ac/np/images/2/23/Citrus_Long-Horned_Beetle_NH_Furniture_Icon.png
bugs,383a3afd649c2920,tank,https://dodo.ac/np/images/b/b0/Drone_Beetle_NH_Furniture_Icon.png
bugs,3fd0681885a0d5cd,tank,https://dodo.ac/np/images/f/f0/Fly_NH_Furniture_Icon.png
bugs,415c78c480723362,tank,https://dodo.ac/np/images/d/dc/Damselfly_NH_Furniture_Icon.png
bugs,4d9c35c4fdde2f6f,tank,https://dodo.ac/np/images/2/2c/Bell_Cricket_NH_Furniture_Icon.png
bugs,50a6bdc999eae572,tank,https://dodo.ac/np/images/2/2a/Miyama_Stag_NH_Furniture_Icon.png
bugs,5853f2491b6788ad,tank,https://dodo.ac/np/images/7/70/Walker_Cicada_NH_Furniture_Icon.png
bugs,5b2ed367c7226fc5,tank,https://dodo.ac/np/images/5/5d/Wharf_Roach_NH_Furniture_Icon.png
bugs,5bcdec38985c23bc,tank,https://dodo.ac/np/images/6/6f/Rosalia_Batesi_Beetle_NH_Furniture_Icon.png
bugs,5ec54dbb7185b235,tank,https://dodo.ac/np/images/d/d0/Robust_Cicada_NH_Furniture_Icon.png
bugs,5fbd545fc6f42976,tank,https://dodo.ac/np/images/f/f6/Agrias_Butterfly_NH_Furniture_Icon.png
bugs,60a1e84c82732db7,tank,https://dodo.ac/np/images/1/15/Rajah_Brooke%27s_Birdwing_NH_Furniture_Icon.png
bugs,66237a8651f58fd0,tank,https://dodo.ac/np/images/5/5b/Bagworm_NH_Furniture_Icon.png
bugs,6658f33dea2adeb9,tank,https://dodo.ac/np/images/7/77/Centipede_NH_Furniture_Icon.png
bugs,693e7d6b32ac475d,tank,https://dodo.ac/np/images/5/55/Giant_Water_Bug_NH_Furniture_Icon.png
bugs,69bec4fd139bb07f,tank,https://dodo.ac/np/images/7/74/Snail_NH_Furniture_Icon.png
bugs,6ccd570b5f9e5185,tank,https://dodo.ac/np/images/4/4e/Atlas_Moth_NH_Furniture_Icon.png
bugs,6fea3c2ad27893cb,tank,https://dodo.ac/np/images/9/9b/Giant_Cicada_NH_Furniture_Icon.png
bugs,746265817bb98a2b,tank,https://dodo.ac/np/images/f/f8/Jewel_Beetle_NH_Furniture_Icon.png
bugs,768abb57afa9e5fb,tank,https://dodo.ac/np/images/d/d1/Common_Bluebottle_NH_Furniture_Icon.png
bugs,780386955e106556,tank,https://dodo.ac/np/images/2/2b/Ant_NH_Furniture_Icon.png
bugs,7824712ec14d2f43,tank,https://dodo.ac/np/images/5/55/Rice_Grasshopper_NH_Furniture_Icon.png
bugs,7eb74471a9ab1b68,tank,https://dodo.ac/np/images/6/68/Cyclommatus_Stag_NH_Furniture_Icon.png
bugs,81ed0f5c3b19ea67,tank,https://dodo.ac/np/images/c/c9/Emperor_Butterfly_NH_Furniture_Icon.png
bugs,8409fc7cb3c8df4c,tank,https://dodo.ac/np/images/f/fb/Violin_Beetle_NH_Furniture_Icon.png
bugs,851c066e545daeb5,tank,https://dodo.ac/np/images/e/e0/Paper_Kite_Butterfly_NH_Furniture_Icon.png
bugs,8736d829fcfad715,tank,https://dodo.ac/np/images/8/84/Scarab_Beetle_NH_Furniture_Icon.png
bugs,87a2931596fb7fa2,tank,https://dodo.ac/np/images/b/b5/Orchid_Mantis_NH_Furniture_Icon.png
bugs,8975ae6fc445c66f,tank,https://dodo.ac/np/images/7/74/Pondskater_NH_Furniture_Icon.png
bugs,8b0a990262aff896,tank,https://dodo.ac/np/images/f/fd/Hermit_Crab_NH_Furniture_Icon.png
bugs,8c6370c39fcb8265,tank,https://dodo.ac/np/images/5/5a/Stinkbug_NH_Furniture_Icon.png
bugs,8ffe519dc8f8cae6,tank,https://dodo.ac/np/images/f/fe/Mole_Cricket_NH_Furniture_Icon.png
bugs,90f06362052760a2,tank,https://dodo.ac/np/images/f/fa/Wasp_NH_Furniture_Icon.png
bugs,90f9339eb601c8a4,tank,https://dodo.ac/np/images/7/7e/Migratory_Locust_NH_Furniture_Icon.png
bugs,95f339992496f2b1,tank,https://dodo.ac/np/images/d/d3/Pill_Bug_NH_Furniture_Icon.png
bugs,9656d45af80a076d,tank,https://dodo.ac/np/images/8/89/Man-Faced_Stink_Bug_NH_Furniture_Icon.png
bugs,98ad21a8c4e7eea3,tank,https://dodo.ac/np/images/e/e0/Scorpion_NH_Furniture_Icon.png
bugs,9f69afa0450de190,tank,https://dodo.ac/np/images/d/da/Moth_NH_Furniture_Icon.png
bugs,a202d6d5caaf9904,tank,https://dodo.ac/np/images/6/67/Madagascan_Sunset_Moth_NH_Furniture_Icon.png
bugs,a25eced10d00b88e,tank,https://dodo.ac/np/images/5/5a/Horned_Hercules_NH_Furniture_Icon.png
bugs,a8bdf82fa274f59f,tank,https://dodo.ac/np/images/5/58/Tarantula_NH_Furniture_Icon.png
bugs,adb3667f631ac7ee,tank,https://dodo.ac/np/images/2/29/Great_Purple_Emperor_NH_Furniture_Icon.png
bugs,af320fa273b4f82a,tank,https://dodo.ac/np/images/d/db/Golden_Stag_NH_Furniture_Icon.png
bugs,b112633685212a7b,tank,https://dodo.ac/np/images/e/e5/Walking_Stick_NH_Furniture_Icon.png
bugs,b3623e0c52291bc5,tank,https://dodo.ac/np/images/5/55/Giant_Stag_NH_Furniture_Icon.png
bugs,b5693d720180ab0b,tank,https://dodo.ac/np/images/2/29/Banded_Dragonfly_NH_Furniture_Icon.png
bugs,bb3d6bb5c69d0708,tank,https://dodo.ac/np/images/6/64/Blue_Weevil_Beetle_NH_Furniture_Icon.png
bugs,ca78734f4b85800b,tank,https://dodo.ac/np/images/7/72/Earth-Boring_Dung_Beetle_NH_Furniture_Icon.png
bugs,cc7bf4b4dda11936,tank,https://dodo.ac/np/images/2/22/Peacock_Butterfly_NH_Furniture_Icon.png
bugs,cd5be314a3949e61,tank,https://dodo.ac/np/images/4/41/Horned_Atlas_NH_Furniture_Icon.png
bugs,ce4e3de73b1dd0dc,tank,https://dodo.ac/np/images/e/e2/Cricket_NH_Furniture_Icon.png
bugs,d2a3a6d724464160,tank,https://dodo.ac/np/images/e/e0/Red_Dragonfly_NH_Furniture_Icon.png
bugs,d31b63165b7dd694,tank,https://dodo.ac/np/images/4/4d/Queen_Alexandra%27s_Birdwing_NH_Furniture_Icon.png
bugs,e455da63f0ee3ca6,tank,https://dodo.ac/np/images/a/ac/Rainbow_Stag_NH_Furniture_Icon.png
bugs,ea88249ae55f67c0,tank,https://dodo.ac/np/images/c/c7/Diving_Beetle_NH_Furniture_Icon.png
bugs,ecc982109cb3d30f,tank,https://dodo.ac/np/images/d/dc/Goliath_Beetle_NH_Furniture_Icon.png
bugs,f178eb91f28348b7,tank,https://dodo.ac/np/images/4/46/Dung_Beetle_NH_Furniture_Icon.png
bugs,f7a7573d7b3a8765,tank,https://dodo.ac/np/images/4/4f/Mosquito_NH_Furniture_Icon.png
bugs,fa0b44e28614fcbf,tank,https://dodo.ac/np/images/d/d2/Long_Locust_NH_Furniture_Icon.png
bugs,fc59681aa8a9f0fd,tank,https://dodo.ac/np/images/1/18/Monarch_Butterfly_NH_Furniture_Icon.png
bugs,fd011c47930c2a24,tank,https://dodo.ac/np/images/7/7d/Grasshopper_NH_Furniture_Icon.png
bugs,fd0e6eb894df8b2f,tank,https://dodo.ac/np/images/6/67/Darner_Dragonfly_NH_Furniture_Icon.png
bugs,fda54db72d25a2ce,tank,https://dodo.ac/np/images/7/7d/Brown_Cicada_NH_Furniture_Icon.png
bugs,fe3f770becd1b58a,tank,https://dodo.ac/np/images/0/01/Horned_Elephant_NH_Furniture_Icon.png
bugs,fe95f7034354bb79,tank,https://dodo.ac/np/images/7/74/Spider_NH_Furniture_Icon.png
fish,008d1b0976c7b974,tank,https://dodo.ac/np/images/7/78/King_Salmon_NH_Furniture_Icon.png
fish,057034990a13c2bf,tank,https://dodo.ac/np/images/0/0b/Football_Fish_NH_Furniture_Icon.png
fish,0993a16ef174f33d,tank,https://dodo.ac/np/images/e/e6/Soft-Shelled_Turtle_NH_Furniture_Icon.png
fish,0b8f54a1bea9ddce,tank,https://dodo.ac/np/images/9/96/Suckerfish_NH_Furniture_Icon.png
fish,0dcd4c5f8e4578fe,tank,https://dodo.ac/np/images/8/88/Squid_NH_Furniture_Icon.png
fish,0eb2518f5a5c98d2,tank,https://dodo.ac/np/images/9/9e/Giant_Snakehead_NH_Furniture_Icon.png
fish,123eee224a8b4eab,tank,https://dodo.ac/np/images/c/cd/Whale_Shark_NH_Furniture_Icon.png
fish,1984bfd4c83e1047,tank,https://dodo.ac/np/images/b/b2/Anchovy_NH_Furniture_Icon.png
fish,22ecb926c09bd33c,tank,https://dodo.ac/np/images/8/8b/Arowana_NH_Furniture_Icon.png
fish,2c26cae925087a0a,tank,https://dodo.ac/np/images/c/c0/Sea_Butterfly_NH_Furniture_Icon.png
fish,31588d70845632b0,tank,https://dodo.ac/np/images/9/9d/Yellow_Perch_NH_Furniture_Icon.png
fish,32088cde99649d96,tank,https://dodo.ac/np/images/a/a8/Loach_NH_Furniture_Icon.png
fish,32f06d9460dd4f8a,tank,https://dodo.ac/np/images/4/4d/Stringfish_NH_Furniture_Icon.png
fish,34f6b8f5e67f7d41,tank,https://dodo.ac/np/images/2/2d/Blowfish_NH_Furniture_Icon.png
fish,40b4655c75178d36,tank,https://dodo.ac/np/images/2/22/Giant_Trevally_NH_Furniture_Icon.png
fish,46ae09b14f76b674,tank,https://dodo.ac/np/images/e/ea/Oarfish_NH_Furniture_Icon.png
fish,472d0cf0dadf7935,tank,https://dodo.ac/np/images/f/fa/Salmon_NH_Furniture_Icon.png
fish,49cfd75828511531,tank,https://dodo.ac/np/images/0/0c/Killifish_NH_Furniture_Icon.png
fish,57b01143bf840264,tank,https://dodo.ac/np/images/9/95/Barred_Knifejaw_NH_Furniture_Icon.png
fish,5a2c9adc9c045821,tank,https://dodo.ac/np/images/1/14/Coelacanth_NH_Furniture_Icon.png
fish,5bbdf2293ab212ca,tank,https://dodo.ac/np/images/1/1f/Hammerhead_Shark_NH_Furniture_Icon.png
fish,605fcd96509c69b4,tank,https://dodo.ac/np/images/a/a8/Nibble_Fish_NH_Furniture_Icon.png
fish,615e08f343a80441,tank,https://dodo.ac/np/images/e/e6/Arapaima_NH_Furniture_Icon.png
fish,644cf96659e48d5c,tank,https://dodo.ac/np/images/f/f0/Neon_Tetra_NH_Furniture_Icon.png
fish,674481bf7350cea2,tank,https://dodo.ac/np/images/f/f2/Napoleonfish_NH_Furniture_Icon.png
fish,6863bde4e075d06a,tank,https://dodo.ac/np/images/9/96/Surgeonfish_NH_Furniture_Icon.png
fish,694cf715769ed9f2,tank,https://dodo.ac/np/images/4/49/Guppy_NH_Furniture_Icon.png
fish,6a1feaab0ee11735,tank,https://dodo.ac/np/images/4/4c/Crucian_Carp_NH_Furniture_Icon.png
fish,6f6190841010ef54,tank,https://dodo.ac/np/images/a/ac/Golden_Trout_NH_Furniture_Icon.png
fish,76f904bf4b014cdb,tank,https://dodo.ac/np/images/b/b0/Pike_NH_Furniture_Icon.png
fish,7d0301e84cf06cf0,tank,https://dodo.ac/np/images/6/62/Betta_NH_Furniture_Icon.png
fish,7f3acace44de57e4,tank,https://dodo.ac/np/images/7/72/Moray_Eel_NH_Furniture_Icon.png
fish,804336837ff0d893,tank,https://dodo.ac/np/images/3/39/Bluegill_NH_Furniture_Icon.png
fish,866a579cf51a672e,tank,https://dodo.ac/np/images/c/cf/Freshwater_Goby_NH_Furniture_Icon.png
fish,8940024167c596ee,tank,https://dodo.ac/np/images/d/d2/Angelfish_NH_Furniture_Icon.png
fish,8b1d54d5874692ab,tank,https://dodo.ac/np/images/5/50/Tilapia_NH_Furniture_Icon.png
fish,8bb4f770af595647,tank,https://dodo.ac/np/images/c/c6/Goldfish_NH_Furniture_Icon.png
fish,8bbe3d5c89dc276f,tank,https://dodo.ac/np/images/7/7c/Dace_NH_Furniture_Icon.png
fish,8ee2fddb187b1176,tank,https://dodo.ac/np/images/8/8f/Puffer_Fish_NH_Furniture_Icon.png
fish,8fd85dc8d65daa06,tank,https://dodo.ac/np/images/c/cd/Sweetfish_NH_Furniture_Icon.png
fish,96e52c650eee936f,tank,https://dodo.ac/np/images/9/9e/Pond_Smelt_NH_Furniture_Icon.png
fish,970af23278c49cde,tank,https://dodo.ac/np/images/c/cf/Ray_NH_Furniture_Icon.png
fish,9e2766e5f5d19925,tank,https://dodo.ac/np/images/0/00/Butterfly_Fish_NH_Furniture_Icon.png
fish,a0f4833ca15b4c53,tank,https://dodo.ac/np/images/6/6d/Zebra_Turkeyfish_NH_Furniture_Icon.png
fish,a6383677d69737e6,tank,https://dodo.ac/np/images/0/03/Dorado_NH_Furniture_Icon.png
fish,a708b6fd5d9060b8,tank,https://dodo.ac/np/images/d/d7/Barreleye_NH_Furniture_Icon.png
fish,ae07e87a566d68a2,tank,https://dodo.ac/np/images/f/f5/Red_Snapper_NH_Furniture_Icon.png
fish,af07c1d8cdfc20fb,tank,https://dodo.ac/np/images/e/e6/Ranchu_Goldfish_NH_Furniture_Icon.png
fish,af1fc8aec9efcc12,tank,https://dodo.ac/np/images/9/93/Horse_Mackerel_NH_Furniture_Icon.png
fish,b07bb023bb73ffa0,tank,https://dodo.ac/np/images/7/78/Mitten_Crab_NH_Furniture_Icon.png
fish,b2c12e6c69c45704,tank,https://dodo.ac/np/images/e/ed/Catfish_NH_Furniture_Icon.png
fish,b6807ada07ef2fee,tank,https://dodo.ac/np/images/9/97/Koi_NH_Furniture_Icon.png
fish,b6a76127b4a659ec,tank,https://dodo.ac/np/images/c/c2/Crawfish_NH_Furniture_Icon.png
fish,b6ec05c6c636213a,tank,https://dodo.ac/np/images/f/f0/Pale_Chub_NH_Furniture_Icon.png
fish,b854b3af111a5147,tank,https://dodo.ac/np/images/f/f8/Mahi-Mahi_NH_Furniture_Icon.png
fish,bb1ac9c13bd7aa58,tank,https://dodo.ac/np/images/4/46/Saddled_Bichir_NH_Furniture_Icon.png
fish,bdc5e7f2d7b6a22c,tank,https://dodo.ac/np/images/3/30/Dab_NH_Furniture_Icon.png
fish,c29a3d9428d20928,tank,https://dodo.ac/np/images/d/d8/Char_NH_Furniture_Icon.png
fish,c6a35a5d52dc4249,tank,https://dodo.ac/np/images/8/8b/Clown_Fish_NH_Furniture_Icon.png
fish,c6ddaa83c9886217,tank,https://dodo.ac/np/images/4/43/Blue_Marlin_NH_Furniture_Icon.png
fish,cdc70de6b8fef1a9,tank,https://dodo.ac/np/images/4/48/Rainbowfish_NH_Furniture_Icon.png
fish,cf03fc60b539c9c6,tank,https://dodo.ac/np/images/5/51/Saw_Shark_NH_Furniture_Icon.png
fish,d2d8f1f7af6ef8a8,tank,https://dodo.ac/np/images/f/f2/Black_Bass_NH_Furniture_Icon.png
fish,d435307f01407cc2,tank,https://dodo.ac/np/images/6/6c/Carp_NH_Furniture_Icon.png
fish,d462908154459ff8,tank,https://dodo.ac/np/images/7/79/Tadpole_NH_Furniture_Icon.png
fish,d47ceb12e779af69,tank,https://dodo.ac/np/images/e/e4/Frog_NH_Furniture_Icon.png
fish,d65621bd616b0253,tank,https://dodo.ac/np/images/c/c0/Pop-Eyed_Goldfish_NH_Furniture_Icon.png
fish,dedcc58533668990,tank,https://dodo.ac/np/images/0/0a/Sea_Bass_NH_Furniture_Icon.png
fish,e33ebb53c2d79405,tank,https://dodo.ac/np/images/2/22/Snapping_Turtle_NH_Furniture_Icon.png
fish,e4d4db11648ba122,tank,https://dodo.ac/np/images/8/8d/Gar_NH_Furniture_Icon.png
fish,e69f263923c2c436,tank,https://dodo.ac/np/images/4/46/Ocean_Sunfish_NH_Furniture_Icon.png
fish,e976412f064a218a,tank,https://dodo.ac/np/images/b/be/Ribbon_Eel_NH_Furniture_Icon.png
fish,e9d3b005af421a87,tank,https://dodo.ac/np/images/f/f5/Olive_Flounder_NH_Furniture_Icon.png
fish,f1dacc15c7244ead,tank,https://dodo.ac/np/images/c/c0/Sea_Horse_NH_Furniture_Icon.png
fish,f383c9feb139098e,tank,https://dodo.ac/np/images/5/5a/Sturgeon_NH_Furniture_Icon.png
fish,f76a49a4e44bc7c0,tank,https://dodo.ac/np/images/9/95/Great_White_Shark_NH_Furniture_Icon.png
fish,fa56aaaad1ede6e5,tank,https://dodo.ac/np/images/8/87/Cherry_Salmon_NH_Furniture_Icon.png
fish,faa0f731bef8f660,tank,https://dodo.ac/np/images/8/88/Bitterling_NH_Furniture_Icon.png
fish,fc07cdf49d20a000,tank,https://dodo.ac/np/images/0/05/Tuna_NH_Furniture_Icon.png
fish,fdfa258325beb53a,tank,https://dodo.ac/np/images/8/8e/Piranha_NH_Furniture_Icon.png
sea,013b1ae321ed05a1,tank,https://dodo.ac/np/images/9/96/Whelk_NH_Furniture_Icon.png
sea,014a6c70dac90bc5,tank,https://dodo.ac/np/images/f/ff/Mantis_Shrimp_NH_Furniture_Icon.png
sea,02309ed137f6d957,tank,https://dodo.ac/np/images/5/5c/Giant_Isopod_NH_Furniture_Icon.png
sea,0b2e9846a08b51a1,tank,https://dodo.ac/np/images/7/70/Spotted_Garden_Eel_NH_Furniture_Icon.png
sea,0bb07ddadf17255e,tank,https://dodo.ac/np/images/5/56/Sea_Pineapple_NH_Furniture_Icon.png
sea,132b4744c1761787,tank,https://dodo.ac/np/images/d/d3/Sea_Anemone_NH_Furniture_Icon.png
sea,13c9887c0c22d593,tank,https://dodo.ac/np/images/5/5a/Red_King_Crab_NH_Furniture_Icon.png
sea,16b19619bc33fdc7,tank,https://dodo.ac/np/images/e/e5/Sea_Star_NH_Furniture_Icon.png
sea,19441ee0e9c160dc,tank,https://dodo.ac/np/images/c/c7/Sea_Pig_NH_Furniture_Icon.png
sea,1f9a75143c922954,tank,https://dodo.ac/np/images/0/0c/Turban_Shell_NH_Furniture_Icon.png
sea,26acb380ca7d2dfe,tank,https://dodo.ac/np/images/f/fc/Slate_Pencil_Urchin_NH_Furniture_Icon.png
sea,2aa67d90a0bb2d64,tank,https://dodo.ac/np/images/a/ad/Scallop_NH_Furniture_Icon.png
sea,479bec50a402e66d,tank,https://dodo.ac/np/images/f/f1/Gigas_Giant_Clam_NH_Furniture_Icon.png
sea,510f30613819c6e9,tank,https://dodo.ac/np/images/a/a5/Vampire_Squid_NH_Furniture_Icon.png
sea,5196bc1437648ff6,tank,https://dodo.ac/np/images/c/c3/Spiny_Lobster_NH_Furniture_Icon.png
sea,618b888531bede4f,tank,https://dodo.ac/np/images/f/f5/Abalone_NH_Furniture_Icon.png
sea,64038687e347a97b,tank,https://dodo.ac/np/images/6/69/Sweet_Shrimp_NH_Furniture_Icon.png
sea,6424295ad358c8ab,tank,https://dodo.ac/np/images/e/e4/Sea_Urchin_NH_Furniture_Icon.png
sea,64d7be2f5aff5fbd,tank,https://dodo.ac/np/images/e/eb/Octopus_NH_Furniture_Icon.png
sea,65ec2916b1f96470,tank,https://dodo.ac/np/images/3/38/Flatworm_NH_Furniture_Icon.png
sea,6c8fc7d29796f9f6,tank,https://dodo.ac/np/images/a/a5/Snow_Crab_NH_Furniture_Icon.png
sea,71eed0dd8051d922,tank,https://dodo.ac/np/images/c/c9/Tiger_Prawn_NH_Furniture_Icon.png
sea,78a80722a184a23d,tank,https://dodo.ac/np/images/9/9c/Spider_Crab_NH_Furniture_Icon.png
sea,790c01a99a51c551,tank,https://dodo.ac/np/images/f/fb/Acorn_Barnacle_NH_Furniture_Icon.png
sea,7ee4d9c9aaa1162a,tank,https://dodo.ac/np/images/2/26/Firefly_Squid_NH_Furniture_Icon.png
sea,874183f0dd887888,tank,https://dodo.ac/np/images/5/56/Horseshoe_Crab_NH_Furniture_Icon.png
sea,876467b1c906e28f,tank,https://dodo.ac/np/images/8/84/Mussel_NH_Furniture_Icon.png
sea,8f0df69bfe1b3381,tank,https://dodo.ac/np/images/8/81/Pearl_Oyster_NH_Furniture_Icon.png
sea,a12c9aae89b85772,tank,https://dodo.ac/np/images/5/56/Umbrella_Octopus_NH_Furniture_Icon.png
sea,a4da99d7dddb1bd5,tank,https://dodo.ac/np/images/2/27/Dungeness_Crab_NH_Furniture_Icon.png
sea,aa5c7d8cec6a2f34,tank,https://dodo.ac/np/images/8/88/Sea_Slug_NH_Furniture_Icon.png
sea,b012f6257dd1d94b,tank,https://dodo.ac/np/images/0/04/Seaweed_NH_Furniture_Icon.png
sea,b208cc87a6b0fee1,tank,https://dodo.ac/np/images/b/b5/Moon_Jellyfish_NH_Furniture_Icon.png
sea,bc30693a908e49d5,tank,https://dodo.ac/np/images/3/30/Gazami_Crab_NH_Furniture_Icon.png
sea,be36dfa8d32f0de6,tank,https://dodo.ac/np/images/e/ea/Sea_Grapes_NH_Furniture_Icon.png
sea,c965058073213909,tank,https://dodo.ac/np/images/6/63/Chambered_Nautilus_NH_Furniture_Icon.png
sea,cceb29fa8d81af83,tank,https://dodo.ac/np/images/3/34/Venus%27_Flower_Basket_NH_Furniture_Icon.png
sea,ea7dc74d21a7c8ef,tank,https://dodo.ac/np/images/d/d0/Lobster_NH_Furniture_Icon.png
sea,ede290618bebc1f7,tank,https://dodo.ac/np/images/8/86/Sea_Cucumber_NH_Furniture_Icon.png
sea,f02c9509dd6c77f5,tank,https://dodo.ac/np/images/2/23/Oyster_NH_Furniture_Icon.png
